library,source_file,test_class,stage,category,message
aopalliance:aopalliance:1.0,org\aopalliance\aop\AspectException.java,AspectExceptionTest,compile,cannot_find_symbol,"ompile) on project aopalliance: Compilation failure: Compilation failure: [ERROR] /C:/Users/minhn/llm-test/libraries_sample/aopalliance/aopalliance/1.0/src/test/java/org/aopalliance/aop/AspectExceptionTest.java:[56,9] cannot find symbol [ERROR] symbol: class ByteArrayOutputStream [ERROR] location: class org.aopalliance.aop.AspectExceptionTest [ERROR] /C:/Users/minhn/llm-test/libraries_sample/aopalliance/aopalliance/1.0/src/test/java/org/aopalliance/aop/AspectExceptionTest.java:[56,42] cannot find symbol [ERROR] symbol: class ByteArrayOutputStream [ERROR] location: class org.aopalliance.aop.AspectExceptionTest [ERROR] -> [Help 1] [ERROR] [ERROR] To see the full stack trace of the errors, re-run Maven with the -e switch. [ERROR] Re-run Maven using the -X switch to enable full debug logging. [ERROR] [ERROR] For more information about the errors and possible solutions, please read the following articles: [ERROR] [Help 1] http://cwiki.apache.org/confluence/display/MAVEN/MojoFailureException"
aopalliance:aopalliance:1.0,org\aopalliance\instrument\InstrumentationError.java,InstrumentationErrorTest,compile,cannot_find_symbol,"sample/aopalliance/aopalliance/1.0/src/test/java/org/aopalliance/instrument/InstrumentationErrorTest.java:[29,5] method does not override or implement a method from a supertype [ERROR] /C:/Users/minhn/llm-test/libraries_sample/aopalliance/aopalliance/1.0/src/test/java/org/aopalliance/instrument/InstrumentationErrorTest.java:[34,5] method does not override or implement a method from a supertype [ERROR] /C:/Users/minhn/llm-test/libraries_sample/aopalliance/aopalliance/1.0/src/test/java/org/aopalliance/instrument/InstrumentationErrorTest.java:[39,5] method does not override or implement a method from a supertype [ERROR] -> [Help 1] [ERROR] [ERROR] To see the full stack trace of the errors, re-run Maven with the -e switch. [ERROR] Re-run Maven using the -X switch to enable full debug logging. [ERROR] [ERROR] For more information about the errors and possible solutions, please read the following articles: [ERROR] [Help 1] http://cwiki.apache.org/confluence/display/MAVEN/MojoFailureException"
aopalliance:aopalliance:1.0,org\aopalliance\instrument\UndoNotSupportedException.java,UndoNotSupportedExceptionTest,compile,other_compile_error,"ation [ERROR] /C:/Users/minhn/llm-test/libraries_sample/aopalliance/aopalliance/1.0/src/test/java/org/aopalliance/instrument/UndoNotSupportedExceptionTest.java:[13,29] getType() in <anonymous org.aopalliance.instrument.UndoNotSupportedExceptionTest$1> cannot implement getType() in org.aopalliance.instrument.Instrumentation [ERROR] return type java.lang.Class<?> is not compatible with int [ERROR] /C:/Users/minhn/llm-test/libraries_sample/aopalliance/aopalliance/1.0/src/test/java/org/aopalliance/instrument/UndoNotSupportedExceptionTest.java:[12,13] method does not override or implement a method from a supertype [ERROR] -> [Help 1] [ERROR] [ERROR] To see the full stack trace of the errors, re-run Maven with the -e switch. [ERROR] Re-run Maven using the -X switch to enable full debug logging. [ERROR] [ERROR] For more information about the errors and possible solutions, please read the following articles: [ERROR] [Help 1] http://cwiki.apache.org/confluence/display/MAVEN/MojoFailureException"
com.github.lalyos:jfiglet:0.0.8,com\github\lalyos\jfiglet\JFiglet.java,JFigletTest,compile,access_modifier_error,",java.lang.String) has private access in com.github.lalyos.jfiglet.JFiglet [ERROR] /C:/Users/minhn/llm-test/libraries_sample/com.github.lalyos/jfiglet/0.0.8/src/test/java/com/github/lalyos/jfiglet/JFigletTest.java:[57,62] incompatible types: java.util.Iterator<java.lang.Object> cannot be converted to java.util.Iterator<java.lang.String> [ERROR] /C:/Users/minhn/llm-test/libraries_sample/com.github.lalyos/jfiglet/0.0.8/src/test/java/com/github/lalyos/jfiglet/JFigletTest.java:[59,20] requireNextArgument(java.util.Iterator<java.lang.String>,java.lang.String) has private access in com.github.lalyos.jfiglet.JFiglet [ERROR] -> [Help 1] [ERROR] [ERROR] To see the full stack trace of the errors, re-run Maven with the -e switch. [ERROR] Re-run Maven using the -X switch to enable full debug logging. [ERROR] [ERROR] For more information about the errors and possible solutions, please read the following articles: [ERROR] [Help 1] http://cwiki.apache.org/confluence/display/MAVEN/MojoFailureException"
commons-fileupload:commons-fileupload:1.4,org\apache\commons\fileupload\disk\DiskFileItem.java,DiskFileItemTest,compile,other_compile_error,"t/libraries_sample/commons-fileupload/commons-fileupload/1.4/src/test/java/org/apache/commons/fileupload/disk/DiskFileItemTest.java:[44,13] method does not override or implement a method from a supertype [ERROR] Failed to execute goal org.apache.maven.plugins:maven-compiler-plugin:3.11.0:testCompile (default-testCompile) on project commons-fileupload: Compilation failure [ERROR] /C:/Users/minhn/llm-test/libraries_sample/commons-fileupload/commons-fileupload/1.4/src/test/java/org/apache/commons/fileupload/disk/DiskFileItemTest.java:[44,13] method does not override or implement a method from a supertype [ERROR] [ERROR] -> [Help 1] [ERROR] [ERROR] To see the full stack trace of the errors, re-run Maven with the -e switch. [ERROR] Re-run Maven using the -X switch to enable full debug logging. [ERROR] [ERROR] For more information about the errors and possible solutions, please read the following articles: [ERROR] [Help 1] http://cwiki.apache.org/confluence/display/MAVEN/MojoFailureException"
commons-fileupload:commons-fileupload:1.4,org\apache\commons\fileupload\FileUpload.java,FileUploadTest,compile,cannot_find_symbol,"ad/FileUploadTest.java:[24,39] cannot find symbol symbol: class DiskFileItemFactory location: class org.apache.commons.fileupload.FileUploadTest [ERROR] Failed to execute goal org.apache.maven.plugins:maven-compiler-plugin:3.11.0:testCompile (default-testCompile) on project commons-fileupload: Compilation failure [ERROR] /C:/Users/minhn/llm-test/libraries_sample/commons-fileupload/commons-fileupload/1.4/src/test/java/org/apache/commons/fileupload/FileUploadTest.java:[24,39] cannot find symbol [ERROR] symbol: class DiskFileItemFactory [ERROR] location: class org.apache.commons.fileupload.FileUploadTest [ERROR] [ERROR] -> [Help 1] [ERROR] [ERROR] To see the full stack trace of the errors, re-run Maven with the -e switch. [ERROR] Re-run Maven using the -X switch to enable full debug logging. [ERROR] [ERROR] For more information about the errors and possible solutions, please read the following articles: [ERROR] [Help 1] http://cwiki.apache.org/confluence/display/MAVEN/MojoFailureException"
commons-fileupload:commons-fileupload:1.4,org\apache\commons\fileupload\FileUploadBase.java,FileUploadBaseTest,structure,structure_error,"missing public class FileUploadBaseTest declaration, missing @Test method annotation"
commons-fileupload:commons-fileupload:1.4,org\apache\commons\fileupload\FileUploadException.java,FileUploadExceptionTest,compile,cannot_find_symbol,"/llm-test/libraries_sample/commons-fileupload/commons-fileupload/1.4/src/test/java/org/apache/commons/fileupload/FileUploadExceptionTest.java:[48,9] cannot find symbol [ERROR] symbol: method verify(java.io.PrintWriter) [ERROR] location: class org.apache.commons.fileupload.FileUploadExceptionTest [ERROR] /C:/Users/minhn/llm-test/libraries_sample/commons-fileupload/commons-fileupload/1.4/src/test/java/org/apache/commons/fileupload/FileUploadExceptionTest.java:[49,9] cannot find symbol [ERROR] symbol: method verify(java.lang.Throwable) [ERROR] location: class org.apache.commons.fileupload.FileUploadExceptionTest [ERROR] -> [Help 1] [ERROR] [ERROR] To see the full stack trace of the errors, re-run Maven with the -e switch. [ERROR] Re-run Maven using the -X switch to enable full debug logging. [ERROR] [ERROR] For more information about the errors and possible solutions, please read the following articles: [ERROR] [Help 1] http://cwiki.apache.org/confluence/display/MAVEN/MojoFailureException"
commons-fileupload:commons-fileupload:1.4,org\apache\commons\fileupload\MultipartStream.java,MultipartStreamTest,structure,structure_error,"missing public class MultipartStreamTest declaration, missing @Test method annotation"
commons-fileupload:commons-fileupload:1.4,org\apache\commons\fileupload\portlet\PortletFileUpload.java,PortletFileUploadTest,compile,other_compile_error,"FileUploadBase and method isMultipartContent(javax.portlet.ActionRequest) in org.apache.commons.fileupload.portlet.PortletFileUpload match [ERROR] /C:/Users/minhn/llm-test/libraries_sample/commons-fileupload/commons-fileupload/1.4/src/test/java/org/apache/commons/fileupload/portlet/PortletFileUploadTest.java:[65,30] reference to parseParameterMap is ambiguous [ERROR] both method parseParameterMap(org.apache.commons.fileupload.RequestContext) in org.apache.commons.fileupload.FileUploadBase and method parseParameterMap(javax.portlet.ActionRequest) in org.apache.commons.fileupload.portlet.PortletFileUpload match [ERROR] -> [Help 1] [ERROR] [ERROR] To see the full stack trace of the errors, re-run Maven with the -e switch. [ERROR] Re-run Maven using the -X switch to enable full debug logging. [ERROR] [ERROR] For more information about the errors and possible solutions, please read the following articles: [ERROR] [Help 1] http://cwiki.apache.org/confluence/display/MAVEN/MojoFailureException"
commons-fileupload:commons-fileupload:1.4,org\apache\commons\fileupload\servlet\ServletFileUpload.java,ServletFileUploadTest,compile,other_compile_error,"eUploadBase and method isMultipartContent(javax.servlet.http.HttpServletRequest) in org.apache.commons.fileupload.FileUploadBase match [ERROR] /C:/Users/minhn/llm-test/libraries_sample/commons-fileupload/commons-fileupload/1.4/src/test/java/org/apache/commons/fileupload/servlet/ServletFileUploadTest.java:[71,77] reference to getItemIterator is ambiguous [ERROR] both method getItemIterator(org.apache.commons.fileupload.RequestContext) in org.apache.commons.fileupload.FileUploadBase and method getItemIterator(javax.servlet.http.HttpServletRequest) in org.apache.commons.fileupload.servlet.ServletFileUpload match [ERROR] -> [Help 1] [ERROR] [ERROR] To see the full stack trace of the errors, re-run Maven with the -e switch. [ERROR] Re-run Maven using the -X switch to enable full debug logging. [ERROR] [ERROR] For more information about the errors and possible solutions, please read the following articles: [ERROR] [Help 1] http://cwiki.apache.org/confluence/display/MAVEN/MojoFailureException"
commons-fileupload:commons-fileupload:1.4,org\apache\commons\fileupload\servlet\ServletRequestContext.java,ServletRequestContextTest,compile,method_signature_mismatch,"pache/commons/fileupload/servlet/ServletRequestContextTest.java:[56,39] no suitable method found for thenReturn(java.io.InputStream) [ERROR] method org.mockito.stubbing.OngoingStubbing.thenReturn(javax.servlet.ServletInputStream) is not applicable [ERROR] (argument mismatch; java.io.InputStream cannot be converted to javax.servlet.ServletInputStream) [ERROR] method org.mockito.stubbing.OngoingStubbing.thenReturn(javax.servlet.ServletInputStream,javax.servlet.ServletInputStream...) is not applicable [ERROR] (argument mismatch; java.io.InputStream cannot be converted to javax.servlet.ServletInputStream) [ERROR] [ERROR] -> [Help 1] [ERROR] [ERROR] To see the full stack trace of the errors, re-run Maven with the -e switch. [ERROR] Re-run Maven using the -X switch to enable full debug logging. [ERROR] [ERROR] For more information about the errors and possible solutions, please read the following articles: [ERROR] [Help 1] http://cwiki.apache.org/confluence/display/MAVEN/MojoFailureException"
commons-fileupload:commons-fileupload:1.4,org\apache\commons\fileupload\util\mime\MimeUtility.java,MimeUtilityTest,compile,access_modifier_error,"mons-fileupload: Compilation failure: Compilation failure: [ERROR] /C:/Users/minhn/llm-test/libraries_sample/commons-fileupload/commons-fileupload/1.4/src/test/java/org/apache/commons/fileupload/util/mime/MimeUtilityTest.java:[58,49] javaCharset(java.lang.String) has private access in org.apache.commons.fileupload.util.mime.MimeUtility [ERROR] /C:/Users/minhn/llm-test/libraries_sample/commons-fileupload/commons-fileupload/1.4/src/test/java/org/apache/commons/fileupload/util/mime/MimeUtilityTest.java:[65,49] javaCharset(java.lang.String) has private access in org.apache.commons.fileupload.util.mime.MimeUtility [ERROR] -> [Help 1] [ERROR] [ERROR] To see the full stack trace of the errors, re-run Maven with the -e switch. [ERROR] Re-run Maven using the -X switch to enable full debug logging. [ERROR] [ERROR] For more information about the errors and possible solutions, please read the following articles: [ERROR] [Help 1] http://cwiki.apache.org/confluence/display/MAVEN/MojoFailureException"
commons-logging:commons-logging:1.2,org\apache\commons\logging\impl\AvalonLogger.java,AvalonLoggerTest,compile,cannot_find_symbol,"/impl/AvalonLoggerTest.java:[53,55] cannot find symbol symbol: method getDefaultLogger() location: class org.apache.commons.logging.impl.AvalonLogger [ERROR] Failed to execute goal org.apache.maven.plugins:maven-compiler-plugin:3.11.0:testCompile (default-testCompile) on project commons-logging: Compilation failure [ERROR] /C:/Users/minhn/llm-test/libraries_sample/commons-logging/commons-logging/1.2/src/test/java/org/apache/commons/logging/impl/AvalonLoggerTest.java:[53,55] cannot find symbol [ERROR] symbol: method getDefaultLogger() [ERROR] location: class org.apache.commons.logging.impl.AvalonLogger [ERROR] [ERROR] -> [Help 1] [ERROR] [ERROR] To see the full stack trace of the errors, re-run Maven with the -e switch. [ERROR] Re-run Maven using the -X switch to enable full debug logging. [ERROR] [ERROR] For more information about the errors and possible solutions, please read the following articles: [ERROR] [Help 1] http://cwiki.apache.org/confluence/display/MAVEN/MojoFailureException"
commons-logging:commons-logging:1.2,org\apache\commons\logging\impl\Log4JLogger.java,Log4JLoggerTest,compile,cannot_find_symbol,"1.2/src/test/java/org/apache/commons/logging/impl/Log4JLoggerTest.java:[118,46] FQCN has private access in org.apache.commons.logging.impl.Log4JLogger [ERROR] /C:/Users/minhn/llm-test/libraries_sample/commons-logging/commons-logging/1.2/src/test/java/org/apache/commons/logging/impl/Log4JLoggerTest.java:[124,46] FQCN has private access in org.apache.commons.logging.impl.Log4JLogger [ERROR] /C:/Users/minhn/llm-test/libraries_sample/commons-logging/commons-logging/1.2/src/test/java/org/apache/commons/logging/impl/Log4JLoggerTest.java:[130,46] FQCN has private access in org.apache.commons.logging.impl.Log4JLogger [ERROR] -> [Help 1] [ERROR] [ERROR] To see the full stack trace of the errors, re-run Maven with the -e switch. [ERROR] Re-run Maven using the -X switch to enable full debug logging. [ERROR] [ERROR] For more information about the errors and possible solutions, please read the following articles: [ERROR] [Help 1] http://cwiki.apache.org/confluence/display/MAVEN/MojoFailureException"
commons-logging:commons-logging:1.2,org\apache\commons\logging\impl\LogFactoryImpl.java,LogFactoryImplTest,structure,structure_error,missing @Test method annotation
commons-logging:commons-logging:1.2,org\apache\commons\logging\impl\ServletContextCleaner.java,ServletContextCleanerTest,compile,cannot_find_symbol,"est [ERROR] /C:/Users/minhn/llm-test/libraries_sample/commons-logging/commons-logging/1.2/src/test/java/org/apache/commons/logging/impl/ServletContextCleanerTest.java:[19,6] cannot find symbol [ERROR] symbol: class Mock [ERROR] location: class org.apache.commons.logging.impl.ServletContextCleanerTest [ERROR] /C:/Users/minhn/llm-test/libraries_sample/commons-logging/commons-logging/1.2/src/test/java/org/apache/commons/logging/impl/ServletContextCleanerTest.java:[24,9] cannot find symbol [ERROR] symbol: variable MockitoAnnotations [ERROR] location: class org.apache.commons.logging.impl.ServletContextCleanerTest [ERROR] -> [Help 1] [ERROR] [ERROR] To see the full stack trace of the errors, re-run Maven with the -e switch. [ERROR] Re-run Maven using the -X switch to enable full debug logging. [ERROR] [ERROR] For more information about the errors and possible solutions, please read the following articles: [ERROR] [Help 1] http://cwiki.apache.org/confluence/display/MAVEN/MojoFailureException"
commons-logging:commons-logging:1.2,org\apache\commons\logging\LogFactory.java,LogFactoryTest,structure,structure_error,"missing public class LogFactoryTest declaration, missing @Test method annotation"
commons-pool:commons-pool:1.6,org\apache\commons\pool\BaseKeyedPoolableObjectFactory.java,BaseKeyedPoolableObjectFactoryTest,compile,other_compile_error,"oryTest.java:[34,119] <anonymous org.apache.commons.pool.BaseKeyedPoolableObjectFactoryTest$4> is not abstract and does not override abstract method makeObject(java.lang.String) in org.apache.commons.pool.BaseKeyedPoolableObjectFactory [ERROR] /C:/Users/minhn/llm-test/libraries_sample/commons-pool/commons-pool/1.6/src/test/java/org/apache/commons/pool/BaseKeyedPoolableObjectFactoryTest.java:[40,119] <anonymous org.apache.commons.pool.BaseKeyedPoolableObjectFactoryTest$5> is not abstract and does not override abstract method makeObject(java.lang.String) in org.apache.commons.pool.BaseKeyedPoolableObjectFactory [ERROR] -> [Help 1] [ERROR] [ERROR] To see the full stack trace of the errors, re-run Maven with the -e switch. [ERROR] Re-run Maven using the -X switch to enable full debug logging. [ERROR] [ERROR] For more information about the errors and possible solutions, please read the following articles: [ERROR] [Help 1] http://cwiki.apache.org/confluence/display/MAVEN/MojoFailureException"
commons-pool:commons-pool:1.6,org\apache\commons\pool\BasePoolableObjectFactory.java,BasePoolableObjectFactoryTest,compile,other_compile_error,"rc/test/java/org/apache/commons/pool/BasePoolableObjectFactoryTest.java:[23,93] <anonymous org.apache.commons.pool.BasePoolableObjectFactoryTest$3> is not abstract and does not override abstract method makeObject() in org.apache.commons.pool.BasePoolableObjectFactory [ERROR] /C:/Users/minhn/llm-test/libraries_sample/commons-pool/commons-pool/1.6/src/test/java/org/apache/commons/pool/BasePoolableObjectFactoryTest.java:[29,93] <anonymous org.apache.commons.pool.BasePoolableObjectFactoryTest$4> is not abstract and does not override abstract method makeObject() in org.apache.commons.pool.BasePoolableObjectFactory [ERROR] -> [Help 1] [ERROR] [ERROR] To see the full stack trace of the errors, re-run Maven with the -e switch. [ERROR] Re-run Maven using the -X switch to enable full debug logging. [ERROR] [ERROR] For more information about the errors and possible solutions, please read the following articles: [ERROR] [Help 1] http://cwiki.apache.org/confluence/display/MAVEN/MojoFailureException"
commons-pool:commons-pool:1.6,org\apache\commons\pool\impl\CursorableLinkedList.java,CursorableLinkedListTest,structure,structure_error,missing @Test method annotation
commons-pool:commons-pool:1.6,org\apache\commons\pool\impl\EvictionTimer.java,EvictionTimerTest,compile,access_modifier_error,"pool/1.6/src/test/java/org/apache/commons/pool/impl/EvictionTimerTest.java:[74,38] _usageCount has private access in org.apache.commons.pool.impl.EvictionTimer [ERROR] /C:/Users/minhn/llm-test/libraries_sample/commons-pool/commons-pool/1.6/src/test/java/org/apache/commons/pool/impl/EvictionTimerTest.java:[77,33] _timer has private access in org.apache.commons.pool.impl.EvictionTimer [ERROR] /C:/Users/minhn/llm-test/libraries_sample/commons-pool/commons-pool/1.6/src/test/java/org/apache/commons/pool/impl/EvictionTimerTest.java:[78,38] _usageCount has private access in org.apache.commons.pool.impl.EvictionTimer [ERROR] -> [Help 1] [ERROR] [ERROR] To see the full stack trace of the errors, re-run Maven with the -e switch. [ERROR] Re-run Maven using the -X switch to enable full debug logging. [ERROR] [ERROR] For more information about the errors and possible solutions, please read the following articles: [ERROR] [Help 1] http://cwiki.apache.org/confluence/display/MAVEN/MojoFailureException"
commons-pool:commons-pool:1.6,org\apache\commons\pool\impl\GenericKeyedObjectPool.java,GenericKeyedObjectPoolTest,structure,structure_error,"missing public class GenericKeyedObjectPoolTest declaration, missing @Test method annotation"
commons-pool:commons-pool:1.6,org\apache\commons\pool\impl\GenericKeyedObjectPoolFactory.java,GenericKeyedObjectPoolFactoryTest,structure,structure_error,"missing public class GenericKeyedObjectPoolFactoryTest declaration, missing @Test method annotation"
commons-pool:commons-pool:1.6,org\apache\commons\pool\impl\GenericObjectPool.java,GenericObjectPoolTest,structure,structure_error,"missing public class GenericObjectPoolTest declaration, missing @Test method annotation"
commons-pool:commons-pool:1.6,org\apache\commons\pool\impl\GenericObjectPoolFactory.java,GenericObjectPoolFactoryTest,structure,structure_error,"missing public class GenericObjectPoolFactoryTest declaration, missing @Test method annotation"
commons-pool:commons-pool:1.6,org\apache\commons\pool\impl\SoftReferenceObjectPool.java,SoftReferenceObjectPoolTest,compile,method_signature_mismatch,"n failure [ERROR] /C:/Users/minhn/llm-test/libraries_sample/commons-pool/commons-pool/1.6/src/test/java/org/apache/commons/pool/impl/SoftReferenceObjectPoolTest.java:[69,19] no suitable constructor found for NoSuchElementException(java.lang.String,java.lang.IllegalStateException) [ERROR] constructor java.util.NoSuchElementException.NoSuchElementException() is not applicable [ERROR] (actual and formal argument lists differ in length) [ERROR] constructor java.util.NoSuchElementException.NoSuchElementException(java.lang.String) is not applicable [ERROR] (actual and formal argument lists differ in length) [ERROR] [ERROR] -> [Help 1] [ERROR] [ERROR] To see the full stack trace of the errors, re-run Maven with the -e switch. [ERROR] Re-run Maven using the -X switch to enable full debug logging. [ERROR] [ERROR] For more information about the errors and possible solutions, please read the following articles: [ERROR] [Help 1] http://cwiki.apache.org/confluence/display/MAVEN/MojoFailureException"
commons-pool:commons-pool:1.6,org\apache\commons\pool\impl\StackKeyedObjectPool.java,StackKeyedObjectPoolTest,compile,access_modifier_error,"braries_sample/commons-pool/commons-pool/1.6/src/test/java/org/apache/commons/pool/impl/StackKeyedObjectPoolTest.java:[90,24] isClosed() has protected access in org.apache.commons.pool.BaseKeyedObjectPool [ERROR] Failed to execute goal org.apache.maven.plugins:maven-compiler-plugin:3.11.0:testCompile (default-testCompile) on project commons-pool: Compilation failure [ERROR] /C:/Users/minhn/llm-test/libraries_sample/commons-pool/commons-pool/1.6/src/test/java/org/apache/commons/pool/impl/StackKeyedObjectPoolTest.java:[90,24] isClosed() has protected access in org.apache.commons.pool.BaseKeyedObjectPool [ERROR] [ERROR] -> [Help 1] [ERROR] [ERROR] To see the full stack trace of the errors, re-run Maven with the -e switch. [ERROR] Re-run Maven using the -X switch to enable full debug logging. [ERROR] [ERROR] For more information about the errors and possible solutions, please read the following articles: [ERROR] [Help 1] http://cwiki.apache.org/confluence/display/MAVEN/MojoFailureException"
commons-pool:commons-pool:1.6,org\apache\commons\pool\impl\StackObjectPool.java,StackObjectPoolTest,structure,structure_error,missing public class StackObjectPoolTest declaration
commons-pool:commons-pool:1.6,org\apache\commons\pool\PoolUtils.java,PoolUtilsTest,structure,structure_error,"missing public class PoolUtilsTest declaration, missing @Test method annotation"
io.grpc:grpc-protobuf:1.62.2,io\grpc\protobuf\ProtoUtils.java,ProtoUtilsTest,compile,missing_import,"libraries_sample/io.grpc/grpc-protobuf/1.62.2/src/main/java/io/grpc/protobuf/ProtoUtils.java:[79,57] cannot find symbol [ERROR] symbol: variable Metadata [ERROR] location: class io.grpc.protobuf.ProtoUtils [ERROR] /C:/Users/minhn/llm-test/libraries_sample/io.grpc/grpc-protobuf/1.62.2/src/main/java/io/grpc/protobuf/ProtoUtils.java:[78,20] package Metadata does not exist [ERROR] /C:/Users/minhn/llm-test/libraries_sample/io.grpc/grpc-protobuf/1.62.2/src/main/java/io/grpc/protobuf/ProtoUtils.java:[89,12] cannot find symbol [ERROR] symbol: variable ProtoLiteUtils [ERROR] location: class io.grpc.protobuf.ProtoUtils [ERROR] -> [Help 1] [ERROR] [ERROR] To see the full stack trace of the errors, re-run Maven with the -e switch. [ERROR] Re-run Maven using the -X switch to enable full debug logging. [ERROR] [ERROR] For more information about the errors and possible solutions, please read the following articles: [ERROR] [Help 1] http://cwiki.apache.org/confluence/display/MAVEN/MojoFailureException"
io.jsonwebtoken:jjwt-jackson:0.11.2,io\jsonwebtoken\jackson\io\JacksonDeserializer.java,JacksonDeserializerTest,compile,generic_type_mismatch,"/io/JacksonDeserializerTest.java:[58,9] reference to JacksonDeserializer is ambiguous [ERROR] both constructor <T>JacksonDeserializer(java.util.Map<java.lang.String,java.lang.Class>) in io.jsonwebtoken.jackson.io.JacksonDeserializer and constructor <T>JacksonDeserializer(com.fasterxml.jackson.databind.ObjectMapper) in io.jsonwebtoken.jackson.io.JacksonDeserializer match [ERROR] /C:/Users/minhn/llm-test/libraries_sample/io.jsonwebtoken/jjwt-jackson/0.11.2/src/test/java/io/jsonwebtoken/jackson/io/JacksonDeserializerTest.java:[68,9] cannot infer type arguments for io.jsonwebtoken.jackson.io.JacksonDeserializer<> [ERROR] -> [Help 1] [ERROR] [ERROR] To see the full stack trace of the errors, re-run Maven with the -e switch. [ERROR] Re-run Maven using the -X switch to enable full debug logging. [ERROR] [ERROR] For more information about the errors and possible solutions, please read the following articles: [ERROR] [Help 1] http://cwiki.apache.org/confluence/display/MAVEN/MojoFailureException"
io.jsonwebtoken:jjwt-jackson:0.11.2,io\jsonwebtoken\jackson\io\JacksonSerializer.java,JacksonSerializerTest,compile,constructor_mismatch,"token/jackson/io/JacksonSerializerTest.java:[28,65] no suitable constructor found for JsonProcessingException(java.lang.String) [ERROR] constructor com.fasterxml.jackson.core.JsonProcessingException.JsonProcessingException(java.lang.String) is not applicable [ERROR] (JsonProcessingException(java.lang.String) has protected access in com.fasterxml.jackson.core.JsonProcessingException) [ERROR] constructor com.fasterxml.jackson.core.JsonProcessingException.JsonProcessingException(java.lang.Throwable) is not applicable [ERROR] (argument mismatch; java.lang.String cannot be converted to java.lang.Throwable) [ERROR] [ERROR] -> [Help 1] [ERROR] [ERROR] To see the full stack trace of the errors, re-run Maven with the -e switch. [ERROR] Re-run Maven using the -X switch to enable full debug logging. [ERROR] [ERROR] For more information about the errors and possible solutions, please read the following articles: [ERROR] [Help 1] http://cwiki.apache.org/confluence/display/MAVEN/MojoFailureException"
jakarta.transaction:jakarta.transaction-api:2.0.1,jakarta\transaction\SystemException.java,SystemExceptionTest,compile,cannot_find_symbol,"eption [ERROR] /C:/Users/minhn/llm-test/libraries_sample/jakarta.transaction/jakarta.transaction-api/2.0.1/src/test/java/jakarta/transaction/SystemExceptionTest.java:[21,34] cannot find symbol [ERROR] symbol: method getErrorCode() [ERROR] location: variable exception of type jakarta.transaction.SystemException [ERROR] /C:/Users/minhn/llm-test/libraries_sample/jakarta.transaction/jakarta.transaction-api/2.0.1/src/test/java/jakarta/transaction/SystemExceptionTest.java:[29,42] cannot find symbol [ERROR] symbol: method getErrorCode() [ERROR] location: variable exception of type jakarta.transaction.SystemException [ERROR] -> [Help 1] [ERROR] [ERROR] To see the full stack trace of the errors, re-run Maven with the -e switch. [ERROR] Re-run Maven using the -X switch to enable full debug logging. [ERROR] [ERROR] For more information about the errors and possible solutions, please read the following articles: [ERROR] [Help 1] http://cwiki.apache.org/confluence/display/MAVEN/MojoFailureException"
commons-cli:commons-cli:1.2,org\apache\commons\cli\AlreadySelectedException.java,AlreadySelectedExceptionTest,compile,unchecked_exception_not_handled,"fault-testCompile) on project commons-cli: Compilation failure: Compilation failure: [ERROR] /C:/Users/minhn/llm-test/libraries_sample/commons-cli/commons-cli/1.2/src/test/java/org/apache/commons/cli/AlreadySelectedExceptionTest.java:[11,9] unreported exception org.apache.commons.cli.AlreadySelectedException; must be caught or declared to be thrown [ERROR] /C:/Users/minhn/llm-test/libraries_sample/commons-cli/commons-cli/1.2/src/test/java/org/apache/commons/cli/AlreadySelectedExceptionTest.java:[18,9] unreported exception org.apache.commons.cli.AlreadySelectedException; must be caught or declared to be thrown [ERROR] -> [Help 1] [ERROR] [ERROR] To see the full stack trace of the errors, re-run Maven with the -e switch. [ERROR] Re-run Maven using the -X switch to enable full debug logging. [ERROR] [ERROR] For more information about the errors and possible solutions, please read the following articles: [ERROR] [Help 1] http://cwiki.apache.org/confluence/display/MAVEN/MojoFailureException"
commons-cli:commons-cli:1.2,org\apache\commons\cli\CommandLine.java,CommandLineTest,compile,generic_type_mismatch,"/Users/minhn/llm-test/libraries_sample/commons-cli/commons-cli/1.2/src/test/java/org/apache/commons/cli/CommandLineTest.java:[44,36] incompatible types: char cannot be converted to java.lang.String [ERROR] /C:/Users/minhn/llm-test/libraries_sample/commons-cli/commons-cli/1.2/src/test/java/org/apache/commons/cli/CommandLineTest.java:[66,36] incompatible types: char cannot be converted to java.lang.String [ERROR] /C:/Users/minhn/llm-test/libraries_sample/commons-cli/commons-cli/1.2/src/test/java/org/apache/commons/cli/CommandLineTest.java:[141,37] incompatible types: char cannot be converted to java.lang.String [ERROR] -> [Help 1] [ERROR] [ERROR] To see the full stack trace of the errors, re-run Maven with the -e switch. [ERROR] Re-run Maven using the -X switch to enable full debug logging. [ERROR] [ERROR] For more information about the errors and possible solutions, please read the following articles: [ERROR] [Help 1] http://cwiki.apache.org/confluence/display/MAVEN/MojoFailureException"
commons-cli:commons-cli:1.2,org\apache\commons\cli\HelpFormatter.java,HelpFormatterTest,structure,structure_error,"missing public class HelpFormatterTest declaration, missing @Test method annotation"
commons-cli:commons-cli:1.2,org\apache\commons\cli\MissingArgumentException.java,MissingArgumentExceptionTest,compile,unchecked_exception_not_handled,"fault-testCompile) on project commons-cli: Compilation failure: Compilation failure: [ERROR] /C:/Users/minhn/llm-test/libraries_sample/commons-cli/commons-cli/1.2/src/test/java/org/apache/commons/cli/MissingArgumentExceptionTest.java:[11,9] unreported exception org.apache.commons.cli.MissingArgumentException; must be caught or declared to be thrown [ERROR] /C:/Users/minhn/llm-test/libraries_sample/commons-cli/commons-cli/1.2/src/test/java/org/apache/commons/cli/MissingArgumentExceptionTest.java:[17,9] unreported exception org.apache.commons.cli.MissingArgumentException; must be caught or declared to be thrown [ERROR] -> [Help 1] [ERROR] [ERROR] To see the full stack trace of the errors, re-run Maven with the -e switch. [ERROR] Re-run Maven using the -X switch to enable full debug logging. [ERROR] [ERROR] For more information about the errors and possible solutions, please read the following articles: [ERROR] [Help 1] http://cwiki.apache.org/confluence/display/MAVEN/MojoFailureException"
commons-cli:commons-cli:1.2,org\apache\commons\cli\OptionBuilder.java,OptionBuilderTest,compile,cannot_find_symbol,"/libraries_sample/commons-cli/commons-cli/1.2/src/test/java/org/apache/commons/cli/OptionBuilderTest.java:[60,33] optionalArg has private access in org.apache.commons.cli.OptionBuilder [ERROR] /C:/Users/minhn/llm-test/libraries_sample/commons-cli/commons-cli/1.2/src/test/java/org/apache/commons/cli/OptionBuilderTest.java:[61,38] numberOfArgs has private access in org.apache.commons.cli.OptionBuilder [ERROR] /C:/Users/minhn/llm-test/libraries_sample/commons-cli/commons-cli/1.2/src/test/java/org/apache/commons/cli/OptionBuilderTest.java:[67,33] required has private access in org.apache.commons.cli.OptionBuilder [ERROR] -> [Help 1] [ERROR] [ERROR] To see the full stack trace of the errors, re-run Maven with the -e switch. [ERROR] Re-run Maven using the -X switch to enable full debug logging. [ERROR] [ERROR] For more information about the errors and possible solutions, please read the following articles: [ERROR] [Help 1] http://cwiki.apache.org/confluence/display/MAVEN/MojoFailureException"
commons-cli:commons-cli:1.2,org\apache\commons\cli\UnrecognizedOptionException.java,UnrecognizedOptionExceptionTest,compile,unchecked_exception_not_handled,"mpile) on project commons-cli: Compilation failure: Compilation failure: [ERROR] /C:/Users/minhn/llm-test/libraries_sample/commons-cli/commons-cli/1.2/src/test/java/org/apache/commons/cli/UnrecognizedOptionExceptionTest.java:[11,9] unreported exception org.apache.commons.cli.UnrecognizedOptionException; must be caught or declared to be thrown [ERROR] /C:/Users/minhn/llm-test/libraries_sample/commons-cli/commons-cli/1.2/src/test/java/org/apache/commons/cli/UnrecognizedOptionExceptionTest.java:[16,9] unreported exception org.apache.commons.cli.UnrecognizedOptionException; must be caught or declared to be thrown [ERROR] -> [Help 1] [ERROR] [ERROR] To see the full stack trace of the errors, re-run Maven with the -e switch. [ERROR] Re-run Maven using the -X switch to enable full debug logging. [ERROR] [ERROR] For more information about the errors and possible solutions, please read the following articles: [ERROR] [Help 1] http://cwiki.apache.org/confluence/display/MAVEN/MojoFailureException"
org.apache.commons:commons-csv:1.8,org\apache\commons\csv\CSVFormat.java,CSVFormatTest,structure,structure_error,"missing public class CSVFormatTest declaration, missing @Test method annotation"
org.apache.commons:commons-csv:1.8,org\apache\commons\csv\CSVParser.java,CSVParserTest,structure,structure_error,missing public class CSVParserTest declaration
org.apache.commons:commons-csv:1.8,org\apache\commons\csv\CSVPrinter.java,CSVPrinterTest,compile,unchecked_exception_not_handled,"minhn/llm-test/libraries_sample/org.apache.commons/commons-csv/1.8/src/test/java/org/apache/commons/csv/CSVPrinterTest.java:[30,19] unreported exception java.io.IOException; must be caught or declared to be thrown [ERROR] Failed to execute goal org.apache.maven.plugins:maven-compiler-plugin:3.11.0:testCompile (default-testCompile) on project commons-csv: Compilation failure [ERROR] /C:/Users/minhn/llm-test/libraries_sample/org.apache.commons/commons-csv/1.8/src/test/java/org/apache/commons/csv/CSVPrinterTest.java:[30,19] unreported exception java.io.IOException; must be caught or declared to be thrown [ERROR] [ERROR] -> [Help 1] [ERROR] [ERROR] To see the full stack trace of the errors, re-run Maven with the -e switch. [ERROR] Re-run Maven using the -X switch to enable full debug logging. [ERROR] [ERROR] For more information about the errors and possible solutions, please read the following articles: [ERROR] [Help 1] http://cwiki.apache.org/confluence/display/MAVEN/MojoFailureException"
org.apache.commons:commons-csv:1.8,org\apache\commons\csv\CSVRecord.java,CSVRecordTest,compile,generic_type_mismatch,"rc/test/java/org/apache/commons/csv/CSVRecordTest.java:[112,28] incompatible types: org.apache.commons.csv.CSVRecordTest.MockCSVParser cannot be converted to org.apache.commons.csv.CSVParser [ERROR] /C:/Users/minhn/llm-test/libraries_sample/org.apache.commons/commons-csv/1.8/src/test/java/org/apache/commons/csv/CSVRecordTest.java:[125,9] method does not override or implement a method from a supertype [ERROR] /C:/Users/minhn/llm-test/libraries_sample/org.apache.commons/commons-csv/1.8/src/test/java/org/apache/commons/csv/CSVRecordTest.java:[130,9] method does not override or implement a method from a supertype [ERROR] -> [Help 1] [ERROR] [ERROR] To see the full stack trace of the errors, re-run Maven with the -e switch. [ERROR] Re-run Maven using the -X switch to enable full debug logging. [ERROR] [ERROR] For more information about the errors and possible solutions, please read the following articles: [ERROR] [Help 1] http://cwiki.apache.org/confluence/display/MAVEN/MojoFailureException"
org.apache.commons:commons-csv:1.8,org\apache\commons\csv\Lexer.java,LexerTest,compile,method_signature_mismatch,"e) on project commons-csv: Compilation failure [ERROR] /C:/Users/minhn/llm-test/libraries_sample/org.apache.commons/commons-csv/1.8/src/test/java/org/apache/commons/csv/LexerTest.java:[46,33] no suitable method found for thenReturn(char) [ERROR] method org.mockito.stubbing.OngoingStubbing.thenReturn(java.lang.Integer) is not applicable [ERROR] (argument mismatch; char cannot be converted to java.lang.Integer) [ERROR] method org.mockito.stubbing.OngoingStubbing.thenReturn(java.lang.Integer,java.lang.Integer...) is not applicable [ERROR] (argument mismatch; char cannot be converted to java.lang.Integer) [ERROR] [ERROR] -> [Help 1] [ERROR] [ERROR] To see the full stack trace of the errors, re-run Maven with the -e switch. [ERROR] Re-run Maven using the -X switch to enable full debug logging. [ERROR] [ERROR] For more information about the errors and possible solutions, please read the following articles: [ERROR] [Help 1] http://cwiki.apache.org/confluence/display/MAVEN/MojoFailureException"
org.apache.logging.log4j:log4j-to-slf4j:2.17.2,org\apache\logging\slf4j\SLF4JLogger.java,SLF4JLoggerTest,compile,cannot_find_symbol,"-to-slf4j\2.17.2\src\test\java\org\apache\logging\slf4j\SLF4JLoggerTest.java:[27,65] error: cannot find symbol symbol: method getFactory() location: interface MessageFactory [ERROR] Failed to execute goal org.apache.maven.plugins:maven-compiler-plugin:3.11.0:testCompile (default-testCompile) on project log4j-to-slf4j: Compilation failure [ERROR] C:\Users\minhn\llm-test\libraries_sample\org.apache.logging.log4j\log4j-to-slf4j\2.17.2\src\test\java\org\apache\logging\slf4j\SLF4JLoggerTest.java:[27,65] error: cannot find symbol [ERROR] symbol: method getFactory() [ERROR] location: interface MessageFactory [ERROR] [ERROR] -> [Help 1] [ERROR] [ERROR] To see the full stack trace of the errors, re-run Maven with the -e switch. [ERROR] Re-run Maven using the -X switch to enable full debug logging. [ERROR] [ERROR] For more information about the errors and possible solutions, please read the following articles: [ERROR] [Help 1] http://cwiki.apache.org/confluence/display/MAVEN/MojoFailureException"
org.apache.logging.log4j:log4j-to-slf4j:2.17.2,org\apache\logging\slf4j\SLF4JLoggerContext.java,SLF4JLoggerContextTest,compile,cannot_find_symbol,"roject log4j-to-slf4j: Compilation failure: Compilation failure: [ERROR] C:\Users\minhn\llm-test\libraries_sample\org.apache.logging.log4j\log4j-to-slf4j\2.17.2\src\test\java\org\apache\logging\slf4j\SLF4JLoggerContextTest.java:[31,54] error: cannot find symbol [ERROR] symbol: method getFactory() [ERROR] location: interface MessageFactory [ERROR] C:\Users\minhn\llm-test\libraries_sample\org.apache.logging.log4j\log4j-to-slf4j\2.17.2\src\test\java\org\apache\logging\slf4j\SLF4JLoggerContextTest.java:[46,54] error: cannot find symbol [ERROR] symbol: method getFactory() [ERROR] location: interface MessageFactory [ERROR] -> [Help 1] [ERROR] [ERROR] To see the full stack trace of the errors, re-run Maven with the -e switch. [ERROR] Re-run Maven using the -X switch to enable full debug logging. [ERROR] [ERROR] For more information about the errors and possible solutions, please read the following articles: [ERROR] [Help 1] http://cwiki.apache.org/confluence/display/MAVEN/MojoFailureException"
org.apache.logging.log4j:log4j-to-slf4j:2.17.2,org\apache\logging\slf4j\SLF4JProvider.java,SLF4JProviderTest,compile,cannot_find_symbol,"F4JProvider [ERROR] C:\Users\minhn\llm-test\libraries_sample\org.apache.logging.log4j\log4j-to-slf4j\2.17.2\src\test\java\org\apache\logging\slf4j\SLF4JProviderTest.java:[15,62] error: cannot find symbol [ERROR] symbol: method getLoggerContextFactoryClass() [ERROR] location: variable provider of type SLF4JProvider [ERROR] C:\Users\minhn\llm-test\libraries_sample\org.apache.logging.log4j\log4j-to-slf4j\2.17.2\src\test\java\org\apache\logging\slf4j\SLF4JProviderTest.java:[16,50] error: cannot find symbol [ERROR] symbol: method getContextMapFactoryClass() [ERROR] location: variable provider of type SLF4JProvider [ERROR] -> [Help 1] [ERROR] [ERROR] To see the full stack trace of the errors, re-run Maven with the -e switch. [ERROR] Re-run Maven using the -X switch to enable full debug logging. [ERROR] [ERROR] For more information about the errors and possible solutions, please read the following articles: [ERROR] [Help 1] http://cwiki.apache.org/confluence/display/MAVEN/MojoFailureException"
org.hjson:hjson:3.0.0,org\hjson\HjsonOptions.java,HjsonOptionsTest,compile,other_compile_error,"iled to execute goal org.apache.maven.plugins:maven-compiler-plugin:3.11.0:testCompile (default-testCompile) on project hjson: Compilation failure: Compilation failure: [ERROR] /C:/Users/minhn/llm-test/libraries_sample/org.hjson/hjson/3.0.0/src/test/java/org/hjson/HjsonOptionsTest.java:[46,1] org.hjson.MockIHjsonDsfProvider is not abstract and does not override abstract method getDescription() in org.hjson.IHjsonDsfProvider [ERROR] /C:/Users/minhn/llm-test/libraries_sample/org.hjson/hjson/3.0.0/src/test/java/org/hjson/HjsonOptionsTest.java:[47,5] method does not override or implement a method from a supertype [ERROR] -> [Help 1] [ERROR] [ERROR] To see the full stack trace of the errors, re-run Maven with the -e switch. [ERROR] Re-run Maven using the -X switch to enable full debug logging. [ERROR] [ERROR] For more information about the errors and possible solutions, please read the following articles: [ERROR] [Help 1] http://cwiki.apache.org/confluence/display/MAVEN/MojoFailureException"
org.hjson:hjson:3.0.0,org\hjson\JsonArray.java,JsonArrayTest,compile,cannot_find_symbol," symbol [ERROR] symbol: method contains(org.hjson.JsonValue) [ERROR] location: variable unmodifiable of type org.hjson.JsonArray [ERROR] /C:/Users/minhn/llm-test/libraries_sample/org.hjson/hjson/3.0.0/src/test/java/org/hjson/JsonArrayTest.java:[84,32] cannot find symbol [ERROR] symbol: method contains(org.hjson.JsonValue) [ERROR] location: variable unmodifiable of type org.hjson.JsonArray [ERROR] /C:/Users/minhn/llm-test/libraries_sample/org.hjson/hjson/3.0.0/src/test/java/org/hjson/JsonArrayTest.java:[125,20] cannot find symbol [ERROR] symbol: class JsonBoolean [ERROR] location: class org.hjson.JsonArrayTest [ERROR] -> [Help 1] [ERROR] [ERROR] To see the full stack trace of the errors, re-run Maven with the -e switch. [ERROR] Re-run Maven using the -X switch to enable full debug logging. [ERROR] [ERROR] For more information about the errors and possible solutions, please read the following articles: [ERROR] [Help 1] http://cwiki.apache.org/confluence/display/MAVEN/MojoFailureException"
org.hjson:hjson:3.0.0,org\hjson\JsonObject.java,JsonObjectTest,structure,structure_error,"missing public class JsonObjectTest declaration, missing @Test method annotation"
org.hjson:hjson:3.0.0,org\hjson\JsonWriter.java,JsonWriterTest,compile,abstract_class_or_interface_instantiation,"[ERROR] COMPILATION ERROR : [ERROR] /C:/Users/minhn/llm-test/libraries_sample/org.hjson/hjson/3.0.0/src/test/java/org/hjson/JsonWriterTest.java:[88,17] org.hjson.JsonValue is abstract; cannot be instantiated [ERROR] Failed to execute goal org.apache.maven.plugins:maven-compiler-plugin:3.11.0:testCompile (default-testCompile) on project hjson: Compilation failure [ERROR] /C:/Users/minhn/llm-test/libraries_sample/org.hjson/hjson/3.0.0/src/test/java/org/hjson/JsonWriterTest.java:[88,17] org.hjson.JsonValue is abstract; cannot be instantiated [ERROR] [ERROR] -> [Help 1] [ERROR] [ERROR] To see the full stack trace of the errors, re-run Maven with the -e switch. [ERROR] Re-run Maven using the -X switch to enable full debug logging. [ERROR] [ERROR] For more information about the errors and possible solutions, please read the following articles: [ERROR] [Help 1] http://cwiki.apache.org/confluence/display/MAVEN/MojoFailureException"
org.hjson:hjson:3.0.0,org\hjson\WritingBuffer.java,WritingBufferTest,compile,access_modifier_error,"gBufferTest.java:[23,32] buffer has private access in org.hjson.WritingBuffer [ERROR] Failed to execute goal org.apache.maven.plugins:maven-compiler-plugin:3.11.0:testCompile (default-testCompile) on project hjson: Compilation failure: Compilation failure: [ERROR] /C:/Users/minhn/llm-test/libraries_sample/org.hjson/hjson/3.0.0/src/test/java/org/hjson/WritingBufferTest.java:[16,32] buffer has private access in org.hjson.WritingBuffer [ERROR] /C:/Users/minhn/llm-test/libraries_sample/org.hjson/hjson/3.0.0/src/test/java/org/hjson/WritingBufferTest.java:[23,32] buffer has private access in org.hjson.WritingBuffer [ERROR] -> [Help 1] [ERROR] [ERROR] To see the full stack trace of the errors, re-run Maven with the -e switch. [ERROR] Re-run Maven using the -X switch to enable full debug logging. [ERROR] [ERROR] For more information about the errors and possible solutions, please read the following articles: [ERROR] [Help 1] http://cwiki.apache.org/confluence/display/MAVEN/MojoFailureException"
org.json:json:20250517,org\json\JSONArray.java,JSONArrayTest,structure,structure_error,"missing public class JSONArrayTest declaration, missing @Test method annotation"
org.json:json:20250517,org\json\JSONML.java,JSONMLTest,structure,structure_error,missing public class JSONMLTest declaration
org.json:json:20250517,org\json\JSONObject.java,JSONObjectTest,structure,structure_error,"missing public class JSONObjectTest declaration, missing @Test method annotation"
org.json:json:20250517,org\json\JSONPointer.java,JSONPointerTest,compile,access_modifier_error,"/JSONPointerTest.java:[36,42] refTokens has private access in org.json.JSONPointer [ERROR] /C:/Users/minhn/llm-test/libraries_sample/org.json/json/20250517/src/test/java/org/json/JSONPointerTest.java:[37,44] refTokens has private access in org.json.JSONPointer [ERROR] /C:/Users/minhn/llm-test/libraries_sample/org.json/json/20250517/src/test/java/org/json/JSONPointerTest.java:[38,35] refTokens has private access in org.json.JSONPointer [ERROR] /C:/Users/minhn/llm-test/libraries_sample/org.json/json/20250517/src/test/java/org/json/JSONPointerTest.java:[39,34] refTokens has private access in org.json.JSONPointer [ERROR] -> [Help 1] [ERROR] [ERROR] To see the full stack trace of the errors, re-run Maven with the -e switch. [ERROR] Re-run Maven using the -X switch to enable full debug logging. [ERROR] [ERROR] For more information about the errors and possible solutions, please read the following articles: [ERROR] [Help 1] http://cwiki.apache.org/confluence/display/MAVEN/MojoFailureException"
org.json:json:20250517,org\json\JSONStringer.java,JSONStringerTest,compile,generic_type_mismatch,"s/minhn/llm-test/libraries_sample/org.json/json/20250517/src/test/java/org/json/JSONStringerTest.java:[33,26] incompatible types: org.json.JSONWriter cannot be converted to org.json.JSONStringer [ERROR] /C:/Users/minhn/llm-test/libraries_sample/org.json/json/20250517/src/test/java/org/json/JSONStringerTest.java:[46,27] incompatible types: org.json.JSONWriter cannot be converted to org.json.JSONStringer [ERROR] /C:/Users/minhn/llm-test/libraries_sample/org.json/json/20250517/src/test/java/org/json/JSONStringerTest.java:[59,27] incompatible types: org.json.JSONWriter cannot be converted to org.json.JSONStringer [ERROR] -> [Help 1] [ERROR] [ERROR] To see the full stack trace of the errors, re-run Maven with the -e switch. [ERROR] Re-run Maven using the -X switch to enable full debug logging. [ERROR] [ERROR] For more information about the errors and possible solutions, please read the following articles: [ERROR] [Help 1] http://cwiki.apache.org/confluence/display/MAVEN/MojoFailureException"
org.json:json:20250517,org\json\JSONTokener.java,JSONTokenerTest,compile,access_modifier_error,"[ERROR] COMPILATION ERROR : [ERROR] /C:/Users/minhn/llm-test/libraries_sample/org.json/json/20250517/src/test/java/org/json/JSONTokenerTest.java:[76,80] in has private access in java.io.BufferedReader [ERROR] Failed to execute goal org.apache.maven.plugins:maven-compiler-plugin:3.11.0:testCompile (default-testCompile) on project json: Compilation failure [ERROR] /C:/Users/minhn/llm-test/libraries_sample/org.json/json/20250517/src/test/java/org/json/JSONTokenerTest.java:[76,80] in has private access in java.io.BufferedReader [ERROR] [ERROR] -> [Help 1] [ERROR] [ERROR] To see the full stack trace of the errors, re-run Maven with the -e switch. [ERROR] Re-run Maven using the -X switch to enable full debug logging. [ERROR] [ERROR] For more information about the errors and possible solutions, please read the following articles: [ERROR] [Help 1] http://cwiki.apache.org/confluence/display/MAVEN/MojoFailureException"
org.json:json:20250517,org\json\JSONWriter.java,JSONWriterTest,compile,access_modifier_error,"a.lang.String) has private access in org.json.JSONWriter [ERROR] Failed to execute goal org.apache.maven.plugins:maven-compiler-plugin:3.11.0:testCompile (default-testCompile) on project json: Compilation failure: Compilation failure: [ERROR] /C:/Users/minhn/llm-test/libraries_sample/org.json/json/20250517/src/test/java/org/json/JSONWriterTest.java:[22,19] append(java.lang.String) has private access in org.json.JSONWriter [ERROR] /C:/Users/minhn/llm-test/libraries_sample/org.json/json/20250517/src/test/java/org/json/JSONWriterTest.java:[28,19] append(java.lang.String) has private access in org.json.JSONWriter [ERROR] -> [Help 1] [ERROR] [ERROR] To see the full stack trace of the errors, re-run Maven with the -e switch. [ERROR] Re-run Maven using the -X switch to enable full debug logging. [ERROR] [ERROR] For more information about the errors and possible solutions, please read the following articles: [ERROR] [Help 1] http://cwiki.apache.org/confluence/display/MAVEN/MojoFailureException"
org.json:json:20250517,org\json\StringBuilderWriter.java,StringBuilderWriterTest,compile,unchecked_exception_not_handled,"R] COMPILATION ERROR : [ERROR] /C:/Users/minhn/llm-test/libraries_sample/org.json/json/20250517/src/test/java/org/json/StringBuilderWriterTest.java:[96,21] unreported exception java.io.IOException; must be caught or declared to be thrown [ERROR] Failed to execute goal org.apache.maven.plugins:maven-compiler-plugin:3.11.0:testCompile (default-testCompile) on project json: Compilation failure [ERROR] /C:/Users/minhn/llm-test/libraries_sample/org.json/json/20250517/src/test/java/org/json/StringBuilderWriterTest.java:[96,21] unreported exception java.io.IOException; must be caught or declared to be thrown [ERROR] [ERROR] -> [Help 1] [ERROR] [ERROR] To see the full stack trace of the errors, re-run Maven with the -e switch. [ERROR] Re-run Maven using the -X switch to enable full debug logging. [ERROR] [ERROR] For more information about the errors and possible solutions, please read the following articles: [ERROR] [Help 1] http://cwiki.apache.org/confluence/display/MAVEN/MojoFailureException"
org.json:json:20250517,org\json\XML.java,XMLTest,structure,structure_error,"missing public class XMLTest declaration, missing @Test method annotation"
org.osgi:org.osgi.service.component:1.5.1,org\osgi\service\component\AnyService.java,AnyServiceTest,compile,access_modifier_error,"gins:maven-compiler-plugin:3.13.0:testCompile (default-testCompile) on project org.osgi.service.component: Compilation failure: Compilation failure: [ERROR] /C:/Users/minhn/llm-test/libraries_sample/org.osgi/org.osgi.service.component/1.5.1/src/test/java/org/osgi/service/component/AnyServiceTest.java:[12,13] AnyService() has private access in org.osgi.service.component.AnyService [ERROR] /C:/Users/minhn/llm-test/libraries_sample/org.osgi/org.osgi.service.component/1.5.1/src/test/java/org/osgi/service/component/AnyServiceTest.java:[22,13] AnyService() has private access in org.osgi.service.component.AnyService [ERROR] -> [Help 1] [ERROR] [ERROR] To see the full stack trace of the errors, re-run Maven with the -e switch. [ERROR] Re-run Maven using the -X switch to enable full debug logging. [ERROR] [ERROR] For more information about the errors and possible solutions, please read the following articles: [ERROR] [Help 1] http://cwiki.apache.org/confluence/display/MAVEN/MojoFailureException"
org.skyscreamer:jsonassert:2.0-rc1,org\skyscreamer\jsonassert\ArrayValueMatcher.java,ArrayValueMatcherTest,compile,cannot_find_symbol,"est [ERROR] /C:/Users/minhn/llm-test/libraries_sample/org.skyscreamer/jsonassert/2.0-rc1/src/test/java/org/skyscreamer/jsonassert/ArrayValueMatcherTest.java:[74,65] cannot find symbol [ERROR] symbol: method anyObject() [ERROR] location: class org.skyscreamer.jsonassert.ArrayValueMatcherTest [ERROR] /C:/Users/minhn/llm-test/libraries_sample/org.skyscreamer/jsonassert/2.0-rc1/src/test/java/org/skyscreamer/jsonassert/ArrayValueMatcherTest.java:[74,78] cannot find symbol [ERROR] symbol: method eq(org.skyscreamer.jsonassert.JSONCompareResult) [ERROR] location: class org.skyscreamer.jsonassert.ArrayValueMatcherTest [ERROR] -> [Help 1] [ERROR] [ERROR] To see the full stack trace of the errors, re-run Maven with the -e switch. [ERROR] Re-run Maven using the -X switch to enable full debug logging. [ERROR] [ERROR] For more information about the errors and possible solutions, please read the following articles: [ERROR] [Help 1] http://cwiki.apache.org/confluence/display/MAVEN/MojoFailureException"
org.skyscreamer:jsonassert:2.0-rc1,org\skyscreamer\jsonassert\comparator\AbstractComparator.java,AbstractComparatorTest,compile,cannot_find_symbol,"ible types: void cannot be converted to org.skyscreamer.jsonassert.JSONCompareResult [ERROR] /C:/Users/minhn/llm-test/libraries_sample/org.skyscreamer/jsonassert/2.0-rc1/src/test/java/org/skyscreamer/jsonassert/comparator/AbstractComparatorTest.java:[87,78] incompatible types: void cannot be converted to org.skyscreamer.jsonassert.JSONCompareResult [ERROR] /C:/Users/minhn/llm-test/libraries_sample/org.skyscreamer/jsonassert/2.0-rc1/src/test/java/org/skyscreamer/jsonassert/comparator/AbstractComparatorTest.java:[95,74] incompatible types: void cannot be converted to org.skyscreamer.jsonassert.JSONCompareResult [ERROR] -> [Help 1] [ERROR] [ERROR] To see the full stack trace of the errors, re-run Maven with the -e switch. [ERROR] Re-run Maven using the -X switch to enable full debug logging. [ERROR] [ERROR] For more information about the errors and possible solutions, please read the following articles: [ERROR] [Help 1] http://cwiki.apache.org/confluence/display/MAVEN/MojoFailureException"
org.skyscreamer:jsonassert:2.0-rc1,org\skyscreamer\jsonassert\comparator\ArraySizeComparator.java,ArraySizeComparatorTest,compile,cannot_find_symbol,"/minhn/llm-test/libraries_sample/org.skyscreamer/jsonassert/2.0-rc1/src/test/java/org/skyscreamer/jsonassert/comparator/ArraySizeComparatorTest.java:[35,27] cannot find symbol [ERROR] symbol: method hasFailures() [ERROR] location: variable result of type org.skyscreamer.jsonassert.JSONCompareResult [ERROR] /C:/Users/minhn/llm-test/libraries_sample/org.skyscreamer/jsonassert/2.0-rc1/src/test/java/org/skyscreamer/jsonassert/comparator/ArraySizeComparatorTest.java:[45,27] cannot find symbol [ERROR] symbol: method hasFailures() [ERROR] location: variable result of type org.skyscreamer.jsonassert.JSONCompareResult [ERROR] -> [Help 1] [ERROR] [ERROR] To see the full stack trace of the errors, re-run Maven with the -e switch. [ERROR] Re-run Maven using the -X switch to enable full debug logging. [ERROR] [ERROR] For more information about the errors and possible solutions, please read the following articles: [ERROR] [Help 1] http://cwiki.apache.org/confluence/display/MAVEN/MojoFailureException"
org.skyscreamer:jsonassert:2.0-rc1,org\skyscreamer\jsonassert\comparator\CustomComparator.java,CustomComparatorTest,compile,method_signature_mismatch,"mComparator cannot be applied to given types; [ERROR] required: org.skyscreamer.jsonassert.JSONCompareMode,org.skyscreamer.jsonassert.Customization[] [ERROR] found: org.skyscreamer.jsonassert.JSONCompareMode,(prefix,ac[...]>true [ERROR] reason: varargs mismatch; org.skyscreamer.jsonassert.Customization is not a functional interface [ERROR] /C:/Users/minhn/llm-test/libraries_sample/org.skyscreamer/jsonassert/2.0-rc1/src/test/java/org/skyscreamer/jsonassert/comparator/CustomComparatorTest.java:[64,30] getCustomization(java.lang.String) has private access in org.skyscreamer.jsonassert.comparator.CustomComparator [ERROR] -> [Help 1] [ERROR] [ERROR] To see the full stack trace of the errors, re-run Maven with the -e switch. [ERROR] Re-run Maven using the -X switch to enable full debug logging. [ERROR] [ERROR] For more information about the errors and possible solutions, please read the following articles: [ERROR] [Help 1] http://cwiki.apache.org/confluence/display/MAVEN/MojoFailureException"
org.skyscreamer:jsonassert:2.0-rc1,org\skyscreamer\jsonassert\comparator\DefaultComparator.java,DefaultComparatorTest,compile,cannot_find_symbol,"C:/Users/minhn/llm-test/libraries_sample/org.skyscreamer/jsonassert/2.0-rc1/src/test/java/org/skyscreamer/jsonassert/comparator/DefaultComparatorTest.java:[84,27] cannot find symbol [ERROR] symbol: method isSuccess() [ERROR] location: variable result of type org.skyscreamer.jsonassert.JSONCompareResult [ERROR] /C:/Users/minhn/llm-test/libraries_sample/org.skyscreamer/jsonassert/2.0-rc1/src/test/java/org/skyscreamer/jsonassert/comparator/DefaultComparatorTest.java:[93,26] cannot find symbol [ERROR] symbol: method isSuccess() [ERROR] location: variable result of type org.skyscreamer.jsonassert.JSONCompareResult [ERROR] -> [Help 1] [ERROR] [ERROR] To see the full stack trace of the errors, re-run Maven with the -e switch. [ERROR] Re-run Maven using the -X switch to enable full debug logging. [ERROR] [ERROR] For more information about the errors and possible solutions, please read the following articles: [ERROR] [Help 1] http://cwiki.apache.org/confluence/display/MAVEN/MojoFailureException"
org.skyscreamer:jsonassert:2.0-rc1,org\skyscreamer\jsonassert\Customization.java,CustomizationTest,compile,cannot_find_symbol,"sample/org.skyscreamer/jsonassert/2.0-rc1/src/test/java/org/skyscreamer/jsonassert/CustomizationTest.java:[56,5] method does not override or implement a method from a supertype [ERROR] /C:/Users/minhn/llm-test/libraries_sample/org.skyscreamer/jsonassert/2.0-rc1/src/test/java/org/skyscreamer/jsonassert/CustomizationTest.java:[61,5] method does not override or implement a method from a supertype [ERROR] /C:/Users/minhn/llm-test/libraries_sample/org.skyscreamer/jsonassert/2.0-rc1/src/test/java/org/skyscreamer/jsonassert/CustomizationTest.java:[66,5] method does not override or implement a method from a supertype [ERROR] -> [Help 1] [ERROR] [ERROR] To see the full stack trace of the errors, re-run Maven with the -e switch. [ERROR] Re-run Maven using the -X switch to enable full debug logging. [ERROR] [ERROR] For more information about the errors and possible solutions, please read the following articles: [ERROR] [Help 1] http://cwiki.apache.org/confluence/display/MAVEN/MojoFailureException"
org.skyscreamer:jsonassert:2.0-rc1,org\skyscreamer\jsonassert\JSONAssert.java,JSONAssertTest,structure,structure_error,"missing public class JSONAssertTest declaration, missing @Test method annotation"
org.skyscreamer:jsonassert:2.0-rc1,org\skyscreamer\jsonassert\JSONCompare.java,JSONCompareTest,compile,method_signature_mismatch,") in org.skyscreamer.jsonassert.JSONCompare match [ERROR] /C:/Users/minhn/llm-test/libraries_sample/org.skyscreamer/jsonassert/2.0-rc1/src/test/java/org/skyscreamer/jsonassert/JSONCompareTest.java:[77,22] cannot find symbol [ERROR] symbol: variable FAIL [ERROR] location: class org.skyscreamer.jsonassert.JSONCompareTest [ERROR] /C:/Users/minhn/llm-test/libraries_sample/org.skyscreamer/jsonassert/2.0-rc1/src/test/java/org/skyscreamer/jsonassert/JSONCompareTest.java:[77,34] cannot find symbol [ERROR] symbol: method getResult() [ERROR] location: variable result of type org.skyscreamer.jsonassert.JSONCompareResult [ERROR] -> [Help 1] [ERROR] [ERROR] To see the full stack trace of the errors, re-run Maven with the -e switch. [ERROR] Re-run Maven using the -X switch to enable full debug logging. [ERROR] [ERROR] For more information about the errors and possible solutions, please read the following articles: [ERROR] [Help 1] http://cwiki.apache.org/confluence/display/MAVEN/MojoFailureException"
org.skyscreamer:jsonassert:2.0-rc1,org\skyscreamer\jsonassert\RegularExpressionValueMatcher.java,RegularExpressionValueMatcherTest,compile,access_modifier_error,"test/java/org/skyscreamer/jsonassert/RegularExpressionValueMatcherTest.java:[25,27] expectedPattern has private access in org.skyscreamer.jsonassert.RegularExpressionValueMatcher [ERROR] Failed to execute goal org.apache.maven.plugins:maven-compiler-plugin:3.11.0:testCompile (default-testCompile) on project jsonassert: Compilation failure [ERROR] /C:/Users/minhn/llm-test/libraries_sample/org.skyscreamer/jsonassert/2.0-rc1/src/test/java/org/skyscreamer/jsonassert/RegularExpressionValueMatcherTest.java:[25,27] expectedPattern has private access in org.skyscreamer.jsonassert.RegularExpressionValueMatcher [ERROR] [ERROR] -> [Help 1] [ERROR] [ERROR] To see the full stack trace of the errors, re-run Maven with the -e switch. [ERROR] Re-run Maven using the -X switch to enable full debug logging. [ERROR] [ERROR] For more information about the errors and possible solutions, please read the following articles: [ERROR] [Help 1] http://cwiki.apache.org/confluence/display/MAVEN/MojoFailureException"
org.slf4j:log4j-over-slf4j:2.0.16,org\apache\log4j\AppenderSkeleton.java,AppenderSkeletonTest,compile,method_signature_mismatch,"ache/log4j/AppenderSkeletonTest.java:[19,13] method does not override or implement a method from a supertype [ERROR] /C:/Users/minhn/llm-test/libraries_sample/org.slf4j/log4j-over-slf4j/2.0.16/src/test/java/org/apache/log4j/AppenderSkeletonTest.java:[45,30] no suitable constructor found for Priority(java.lang.String,int) [ERROR] constructor org.apache.log4j.Priority.Priority() is not applicable [ERROR] (actual and formal argument lists differ in length) [ERROR] constructor org.apache.log4j.Priority.Priority(int,java.lang.String,int) is not applicable [ERROR] (actual and formal argument lists differ in length) [ERROR] -> [Help 1] [ERROR] [ERROR] To see the full stack trace of the errors, re-run Maven with the -e switch. [ERROR] Re-run Maven using the -X switch to enable full debug logging. [ERROR] [ERROR] For more information about the errors and possible solutions, please read the following articles: [ERROR] [Help 1] http://cwiki.apache.org/confluence/display/MAVEN/MojoFailureException"
org.slf4j:log4j-over-slf4j:2.0.16,org\apache\log4j\BasicConfigurator.java,BasicConfiguratorTest,compile,generic_type_mismatch,"4j-over-slf4j/2.0.16/src/test/java/org/apache/log4j/BasicConfiguratorTest.java:[17,29] incompatible types: org.apache.log4j.ConsoleAppender cannot be converted to org.apache.log4j.Appender [ERROR] Failed to execute goal org.apache.maven.plugins:maven-compiler-plugin:3.11.0:testCompile (default-testCompile) on project log4j-over-slf4j: Compilation failure [ERROR] /C:/Users/minhn/llm-test/libraries_sample/org.slf4j/log4j-over-slf4j/2.0.16/src/test/java/org/apache/log4j/BasicConfiguratorTest.java:[17,29] incompatible types: org.apache.log4j.ConsoleAppender cannot be converted to org.apache.log4j.Appender [ERROR] [ERROR] -> [Help 1] [ERROR] [ERROR] To see the full stack trace of the errors, re-run Maven with the -e switch. [ERROR] Re-run Maven using the -X switch to enable full debug logging. [ERROR] [ERROR] For more information about the errors and possible solutions, please read the following articles: [ERROR] [Help 1] http://cwiki.apache.org/confluence/display/MAVEN/MojoFailureException"
org.slf4j:log4j-over-slf4j:2.0.16,org\apache\log4j\Category.java,CategoryTest,compile,access_modifier_error,"gory [ERROR] /C:/Users/minhn/llm-test/libraries_sample/org.slf4j/log4j-over-slf4j/2.0.16/src/test/java/org/apache/log4j/CategoryTest.java:[161,36] CATEGORY_FQCN has private access in org.apache.log4j.Category [ERROR] /C:/Users/minhn/llm-test/libraries_sample/org.slf4j/log4j-over-slf4j/2.0.16/src/test/java/org/apache/log4j/CategoryTest.java:[170,30] CATEGORY_FQCN has private access in org.apache.log4j.Category [ERROR] /C:/Users/minhn/llm-test/libraries_sample/org.slf4j/log4j-over-slf4j/2.0.16/src/test/java/org/apache/log4j/CategoryTest.java:[174,30] CATEGORY_FQCN has private access in org.apache.log4j.Category [ERROR] -> [Help 1] [ERROR] [ERROR] To see the full stack trace of the errors, re-run Maven with the -e switch. [ERROR] Re-run Maven using the -X switch to enable full debug logging. [ERROR] [ERROR] For more information about the errors and possible solutions, please read the following articles: [ERROR] [Help 1] http://cwiki.apache.org/confluence/display/MAVEN/MojoFailureException"
org.slf4j:log4j-over-slf4j:2.0.16,org\apache\log4j\Layout.java,LayoutTest,compile,cannot_find_symbol,":testCompile (default-testCompile) on project log4j-over-slf4j: Compilation failure: Compilation failure: [ERROR] /C:/Users/minhn/llm-test/libraries_sample/org.slf4j/log4j-over-slf4j/2.0.16/src/test/java/org/apache/log4j/LayoutTest.java:[12,15] cannot find symbol [ERROR] symbol: method format(<nulltype>) [ERROR] location: variable layout of type org.apache.log4j.Layout [ERROR] /C:/Users/minhn/llm-test/libraries_sample/org.slf4j/log4j-over-slf4j/2.0.16/src/test/java/org/apache/log4j/LayoutTest.java:[18,43] cannot find symbol [ERROR] symbol: class LoggingEvent [ERROR] location: class org.apache.log4j.LayoutTest [ERROR] -> [Help 1] [ERROR] [ERROR] To see the full stack trace of the errors, re-run Maven with the -e switch. [ERROR] Re-run Maven using the -X switch to enable full debug logging. [ERROR] [ERROR] For more information about the errors and possible solutions, please read the following articles: [ERROR] [Help 1] http://cwiki.apache.org/confluence/display/MAVEN/MojoFailureException"
org.slf4j:log4j-over-slf4j:2.0.16,org\apache\log4j\Level.java,LevelTest,compile,cannot_find_symbol,"og4j/LevelTest.java:[35,49] cannot find symbol [ERROR] symbol: variable FATAL_INT [ERROR] location: class org.apache.log4j.LevelTest [ERROR] /C:/Users/minhn/llm-test/libraries_sample/org.slf4j/log4j-over-slf4j/2.0.16/src/test/java/org/apache/log4j/LevelTest.java:[36,47] cannot find symbol [ERROR] symbol: variable OFF_INT [ERROR] location: class org.apache.log4j.LevelTest [ERROR] /C:/Users/minhn/llm-test/libraries_sample/org.slf4j/log4j-over-slf4j/2.0.16/src/test/java/org/apache/log4j/LevelTest.java:[37,49] cannot find symbol [ERROR] symbol: variable TRACE_INT [ERROR] location: class org.apache.log4j.LevelTest [ERROR] -> [Help 1] [ERROR] [ERROR] To see the full stack trace of the errors, re-run Maven with the -e switch. [ERROR] Re-run Maven using the -X switch to enable full debug logging. [ERROR] [ERROR] For more information about the errors and possible solutions, please read the following articles: [ERROR] [Help 1] http://cwiki.apache.org/confluence/display/MAVEN/MojoFailureException"
org.slf4j:log4j-over-slf4j:2.0.16,org\apache\log4j\PropertyConfigurator.java,PropertyConfiguratorTest,compile,generic_type_mismatch,"aries_sample/org.slf4j/log4j-over-slf4j/2.0.16/src/test/java/org/apache/log4j/PropertyConfiguratorTest.java:[45,46] incompatible types: org.apache.log4j.spi.LoggerRepository cannot be converted to long [ERROR] Failed to execute goal org.apache.maven.plugins:maven-compiler-plugin:3.11.0:testCompile (default-testCompile) on project log4j-over-slf4j: Compilation failure [ERROR] /C:/Users/minhn/llm-test/libraries_sample/org.slf4j/log4j-over-slf4j/2.0.16/src/test/java/org/apache/log4j/PropertyConfiguratorTest.java:[45,46] incompatible types: org.apache.log4j.spi.LoggerRepository cannot be converted to long [ERROR] [ERROR] -> [Help 1] [ERROR] [ERROR] To see the full stack trace of the errors, re-run Maven with the -e switch. [ERROR] Re-run Maven using the -X switch to enable full debug logging. [ERROR] [ERROR] For more information about the errors and possible solutions, please read the following articles: [ERROR] [Help 1] http://cwiki.apache.org/confluence/display/MAVEN/MojoFailureException"
org.slf4j:log4j-over-slf4j:2.0.16,org\apache\log4j\spi\ErrorHandler.java,ErrorHandlerTest,compile,cannot_find_symbol,"-test/libraries_sample/org.slf4j/log4j-over-slf4j/2.0.16/src/test/java/org/apache/log4j/spi/ErrorHandlerTest.java:[12,21] cannot find symbol [ERROR] symbol: method handleError(<nulltype>,<nulltype>,<nulltype>) [ERROR] location: variable errorHandler of type org.apache.log4j.spi.ErrorHandler [ERROR] /C:/Users/minhn/llm-test/libraries_sample/org.slf4j/log4j-over-slf4j/2.0.16/src/test/java/org/apache/log4j/spi/ErrorHandlerTest.java:[18,21] cannot find symbol [ERROR] symbol: method handleError(java.lang.String,<nulltype>,<nulltype>) [ERROR] location: variable errorHandler of type org.apache.log4j.spi.ErrorHandler [ERROR] -> [Help 1] [ERROR] [ERROR] To see the full stack trace of the errors, re-run Maven with the -e switch. [ERROR] Re-run Maven using the -X switch to enable full debug logging. [ERROR] [ERROR] For more information about the errors and possible solutions, please read the following articles: [ERROR] [Help 1] http://cwiki.apache.org/confluence/display/MAVEN/MojoFailureException"
org.slf4j:log4j-over-slf4j:2.0.16,org\apache\log4j\spi\Filter.java,FilterTest,compile,cannot_find_symbol,"rTest.java:[26,27] cannot find symbol [ERROR] symbol: class Event [ERROR] location: class org.apache.log4j.spi.FilterTest [ERROR] /C:/Users/minhn/llm-test/libraries_sample/org.slf4j/log4j-over-slf4j/2.0.16/src/test/java/org/apache/log4j/spi/FilterTest.java:[26,51] cannot find symbol [ERROR] symbol: variable Level [ERROR] location: class org.apache.log4j.spi.FilterTest [ERROR] /C:/Users/minhn/llm-test/libraries_sample/org.slf4j/log4j-over-slf4j/2.0.16/src/test/java/org/apache/log4j/spi/FilterTest.java:[27,28] cannot find symbol [ERROR] symbol: variable Result [ERROR] location: class org.apache.log4j.spi.Filter [ERROR] -> [Help 1] [ERROR] [ERROR] To see the full stack trace of the errors, re-run Maven with the -e switch. [ERROR] Re-run Maven using the -X switch to enable full debug logging. [ERROR] [ERROR] For more information about the errors and possible solutions, please read the following articles: [ERROR] [Help 1] http://cwiki.apache.org/confluence/display/MAVEN/MojoFailureException"
org.slf4j:log4j-over-slf4j:2.0.16,org\apache\log4j\spi\LoggingEvent.java,LoggingEventTest,compile,method_signature_mismatch,"er-slf4j/2.0.16/src/test/java/org/apache/log4j/spi/LoggingEventTest.java:[21,30] constructor LoggingEvent in class org.apache.log4j.spi.LoggingEvent cannot be applied to given types; [ERROR] required: no arguments [ERROR] found: java.lang.String,<nulltype>,int,<nulltype> [ERROR] reason: actual and formal argument lists differ in length [ERROR] /C:/Users/minhn/llm-test/libraries_sample/org.slf4j/log4j-over-slf4j/2.0.16/src/test/java/org/apache/log4j/spi/LoggingEventTest.java:[22,38] cannot find symbol [ERROR] symbol: method getMessage() [ERROR] location: variable event of type org.apache.log4j.spi.LoggingEvent [ERROR] -> [Help 1] [ERROR] [ERROR] To see the full stack trace of the errors, re-run Maven with the -e switch. [ERROR] Re-run Maven using the -X switch to enable full debug logging. [ERROR] [ERROR] For more information about the errors and possible solutions, please read the following articles: [ERROR] [Help 1] http://cwiki.apache.org/confluence/display/MAVEN/MojoFailureException"
org.slf4j:log4j-over-slf4j:2.0.16,org\apache\log4j\WriterAppender.java,WriterAppenderTest,compile,cannot_find_symbol,"4j: Compilation failure: Compilation failure: [ERROR] /C:/Users/minhn/llm-test/libraries_sample/org.slf4j/log4j-over-slf4j/2.0.16/src/test/java/org/apache/log4j/WriterAppenderTest.java:[12,17] cannot find symbol [ERROR] symbol: method setWriter(<nulltype>) [ERROR] location: variable appender of type org.apache.log4j.WriterAppender [ERROR] /C:/Users/minhn/llm-test/libraries_sample/org.slf4j/log4j-over-slf4j/2.0.16/src/test/java/org/apache/log4j/WriterAppenderTest.java:[18,29] cannot find symbol [ERROR] symbol: method isLayoutRequired() [ERROR] location: variable appender of type org.apache.log4j.WriterAppender [ERROR] -> [Help 1] [ERROR] [ERROR] To see the full stack trace of the errors, re-run Maven with the -e switch. [ERROR] Re-run Maven using the -X switch to enable full debug logging. [ERROR] [ERROR] For more information about the errors and possible solutions, please read the following articles: [ERROR] [Help 1] http://cwiki.apache.org/confluence/display/MAVEN/MojoFailureException"
org.slf4j:log4j-over-slf4j:2.0.16,org\apache\log4j\xml\DOMConfigurator.java,DOMConfiguratorTest,compile,unchecked_exception_not_handled,"/org.slf4j/log4j-over-slf4j/2.0.16/src/test/java/org/apache/log4j/xml/DOMConfiguratorTest.java:[85,19] unreported exception java.net.MalformedURLException; must be caught or declared to be thrown [ERROR] Failed to execute goal org.apache.maven.plugins:maven-compiler-plugin:3.11.0:testCompile (default-testCompile) on project log4j-over-slf4j: Compilation failure [ERROR] /C:/Users/minhn/llm-test/libraries_sample/org.slf4j/log4j-over-slf4j/2.0.16/src/test/java/org/apache/log4j/xml/DOMConfiguratorTest.java:[85,19] unreported exception java.net.MalformedURLException; must be caught or declared to be thrown [ERROR] [ERROR] -> [Help 1] [ERROR] [ERROR] To see the full stack trace of the errors, re-run Maven with the -e switch. [ERROR] Re-run Maven using the -X switch to enable full debug logging. [ERROR] [ERROR] For more information about the errors and possible solutions, please read the following articles: [ERROR] [Help 1] http://cwiki.apache.org/confluence/display/MAVEN/MojoFailureException"
io.prometheus:simpleclient:0.16.0,io\prometheus\client\CKMSQuantiles.java,CKMSQuantilesTest,compile,cannot_find_symbol," location: class io.prometheus.client.CKMSQuantilesTest [ERROR] /C:/Users/minhn/llm-test/libraries_sample/io.prometheus/simpleclient/0.16.0/src/test/java/io/prometheus/client/CKMSQuantilesTest.java:[116,29] cannot find symbol [ERROR] symbol: class Sample [ERROR] location: class io.prometheus.client.CKMSQuantilesTest [ERROR] /C:/Users/minhn/llm-test/libraries_sample/io.prometheus/simpleclient/0.16.0/src/test/java/io/prometheus/client/CKMSQuantilesTest.java:[117,22] insertBefore(java.util.ListIterator<io.prometheus.client.CKMSQuantiles.Sample>,double,int) has private access in io.prometheus.client.CKMSQuantiles [ERROR] -> [Help 1] [ERROR] [ERROR] To see the full stack trace of the errors, re-run Maven with the -e switch. [ERROR] Re-run Maven using the -X switch to enable full debug logging. [ERROR] [ERROR] For more information about the errors and possible solutions, please read the following articles: [ERROR] [Help 1] http://cwiki.apache.org/confluence/display/MAVEN/MojoFailureException"
io.prometheus:simpleclient:0.16.0,io\prometheus\client\CollectorRegistry.java,CollectorRegistryTest,compile,access_modifier_error,"ient/0.16.0/src/test/java/io/prometheus/client/CollectorRegistryTest.java:[58,33] collectors() has private access in io.prometheus.client.CollectorRegistry [ERROR] /C:/Users/minhn/llm-test/libraries_sample/io.prometheus/simpleclient/0.16.0/src/test/java/io/prometheus/client/CollectorRegistryTest.java:[61,28] namesToCollectors has private access in io.prometheus.client.CollectorRegistry [ERROR] /C:/Users/minhn/llm-test/libraries_sample/io.prometheus/simpleclient/0.16.0/src/test/java/io/prometheus/client/CollectorRegistryTest.java:[62,33] collectors() has private access in io.prometheus.client.CollectorRegistry [ERROR] -> [Help 1] [ERROR] [ERROR] To see the full stack trace of the errors, re-run Maven with the -e switch. [ERROR] Re-run Maven using the -X switch to enable full debug logging. [ERROR] [ERROR] For more information about the errors and possible solutions, please read the following articles: [ERROR] [Help 1] http://cwiki.apache.org/confluence/display/MAVEN/MojoFailureException"
io.prometheus:simpleclient:0.16.0,io\prometheus\client\CounterMetricFamily.java,CounterMetricFamilyTest,compile,access_modifier_error,"l org.apache.maven.plugins:maven-compiler-plugin:3.11.0:testCompile (default-testCompile) on project simpleclient: Compilation failure: Compilation failure: [ERROR] /C:/Users/minhn/llm-test/libraries_sample/io.prometheus/simpleclient/0.16.0/src/test/java/io/prometheus/client/CounterMetricFamilyTest.java:[24,32] labelNames has private access in io.prometheus.client.CounterMetricFamily [ERROR] /C:/Users/minhn/llm-test/libraries_sample/io.prometheus/simpleclient/0.16.0/src/test/java/io/prometheus/client/CounterMetricFamilyTest.java:[25,42] labelNames has private access in io.prometheus.client.CounterMetricFamily [ERROR] -> [Help 1] [ERROR] [ERROR] To see the full stack trace of the errors, re-run Maven with the -e switch. [ERROR] Re-run Maven using the -X switch to enable full debug logging. [ERROR] [ERROR] For more information about the errors and possible solutions, please read the following articles: [ERROR] [Help 1] http://cwiki.apache.org/confluence/display/MAVEN/MojoFailureException"
io.prometheus:simpleclient:0.16.0,io\prometheus\client\Enumeration.java,EnumerationTest,compile,cannot_find_symbol,"0/src/test/java/io/prometheus/client/EnumerationTest.java:[28,29] cannot find symbol [ERROR] symbol: method states() [ERROR] location: variable taskState of type io.prometheus.client.Enumeration [ERROR] /C:/Users/minhn/llm-test/libraries_sample/io.prometheus/simpleclient/0.16.0/src/test/java/io/prometheus/client/EnumerationTest.java:[64,20] type io.prometheus.client.Enumeration does not take parameters [ERROR] /C:/Users/minhn/llm-test/libraries_sample/io.prometheus/simpleclient/0.16.0/src/test/java/io/prometheus/client/EnumerationTest.java:[76,20] type io.prometheus.client.Enumeration does not take parameters [ERROR] -> [Help 1] [ERROR] [ERROR] To see the full stack trace of the errors, re-run Maven with the -e switch. [ERROR] Re-run Maven using the -X switch to enable full debug logging. [ERROR] [ERROR] For more information about the errors and possible solutions, please read the following articles: [ERROR] [Help 1] http://cwiki.apache.org/confluence/display/MAVEN/MojoFailureException"
io.prometheus:simpleclient:0.16.0,io\prometheus\client\Environment.java,EnvironmentTest,compile,access_modifier_error,"us/simpleclient/0.16.0/src/test/java/io/prometheus/client/EnvironmentTest.java:[31,39] DISABLE_CREATED_SERIES has private access in io.prometheus.client.Environment [ERROR] /C:/Users/minhn/llm-test/libraries_sample/io.prometheus/simpleclient/0.16.0/src/test/java/io/prometheus/client/EnvironmentTest.java:[37,39] DISABLE_CREATED_SERIES has private access in io.prometheus.client.Environment [ERROR] /C:/Users/minhn/llm-test/libraries_sample/io.prometheus/simpleclient/0.16.0/src/test/java/io/prometheus/client/EnvironmentTest.java:[43,39] DISABLE_CREATED_SERIES has private access in io.prometheus.client.Environment [ERROR] -> [Help 1] [ERROR] [ERROR] To see the full stack trace of the errors, re-run Maven with the -e switch. [ERROR] Re-run Maven using the -X switch to enable full debug logging. [ERROR] [ERROR] For more information about the errors and possible solutions, please read the following articles: [ERROR] [Help 1] http://cwiki.apache.org/confluence/display/MAVEN/MojoFailureException"
io.prometheus:simpleclient:0.16.0,io\prometheus\client\exemplars\DefaultExemplarSampler.java,DefaultExemplarSamplerTest,compile,cannot_find_symbol,"match [ERROR] /C:/Users/minhn/llm-test/libraries_sample/io.prometheus/simpleclient/0.16.0/src/test/java/io/prometheus/client/exemplars/DefaultExemplarSamplerTest.java:[67,35] cannot find symbol [ERROR] symbol: method getSpanId() [ERROR] location: variable result of type io.prometheus.client.exemplars.Exemplar [ERROR] /C:/Users/minhn/llm-test/libraries_sample/io.prometheus/simpleclient/0.16.0/src/test/java/io/prometheus/client/exemplars/DefaultExemplarSamplerTest.java:[68,36] cannot find symbol [ERROR] symbol: method getTraceId() [ERROR] location: variable result of type io.prometheus.client.exemplars.Exemplar [ERROR] -> [Help 1] [ERROR] [ERROR] To see the full stack trace of the errors, re-run Maven with the -e switch. [ERROR] Re-run Maven using the -X switch to enable full debug logging. [ERROR] [ERROR] For more information about the errors and possible solutions, please read the following articles: [ERROR] [Help 1] http://cwiki.apache.org/confluence/display/MAVEN/MojoFailureException"
io.prometheus:simpleclient:0.16.0,io\prometheus\client\exemplars\ExemplarConfig.java,ExemplarConfigTest,compile,other_compile_error,"C:/Users/minhn/llm-test/libraries_sample/io.prometheus/simpleclient/0.16.0/src/test/java/io/prometheus/client/exemplars/ExemplarConfigTest.java:[54,1] io.prometheus.client.exemplars.MockHistogramExemplarSampler is not abstract and does not override abstract method sample(double,double,double,io.prometheus.client.exemplars.Exemplar) in io.prometheus.client.exemplars.HistogramExemplarSampler [ERROR] /C:/Users/minhn/llm-test/libraries_sample/io.prometheus/simpleclient/0.16.0/src/test/java/io/prometheus/client/exemplars/ExemplarConfigTest.java:[55,5] method does not override or implement a method from a supertype [ERROR] -> [Help 1] [ERROR] [ERROR] To see the full stack trace of the errors, re-run Maven with the -e switch. [ERROR] Re-run Maven using the -X switch to enable full debug logging. [ERROR] [ERROR] For more information about the errors and possible solutions, please read the following articles: [ERROR] [Help 1] http://cwiki.apache.org/confluence/display/MAVEN/MojoFailureException"
io.prometheus:simpleclient:0.16.0,io\prometheus\client\exemplars\Tracer.java,TracerTest,compile,cannot_find_symbol,"n/llm-test/libraries_sample/io.prometheus/simpleclient/0.16.0/src/test/java/io/prometheus/client/exemplars/TracerTest.java:[44,10] cannot find symbol [ERROR] symbol: class MockedStatic [ERROR] location: class io.prometheus.client.exemplars.TracerTest [ERROR] /C:/Users/minhn/llm-test/libraries_sample/io.prometheus/simpleclient/0.16.0/src/test/java/io/prometheus/client/exemplars/TracerTest.java:[44,77] cannot find symbol [ERROR] symbol: method mockStatic(java.lang.Class<io.prometheus.client.exemplars.tracer.otel.OpenTelemetrySpanContextSupplier>) [ERROR] location: class io.prometheus.client.exemplars.TracerTest [ERROR] -> [Help 1] [ERROR] [ERROR] To see the full stack trace of the errors, re-run Maven with the -e switch. [ERROR] Re-run Maven using the -X switch to enable full debug logging. [ERROR] [ERROR] For more information about the errors and possible solutions, please read the following articles: [ERROR] [Help 1] http://cwiki.apache.org/confluence/display/MAVEN/MojoFailureException"
io.prometheus:simpleclient:0.16.0,io\prometheus\client\GaugeMetricFamily.java,GaugeMetricFamilyTest,compile,access_modifier_error,"cute goal org.apache.maven.plugins:maven-compiler-plugin:3.11.0:testCompile (default-testCompile) on project simpleclient: Compilation failure: Compilation failure: [ERROR] /C:/Users/minhn/llm-test/libraries_sample/io.prometheus/simpleclient/0.16.0/src/test/java/io/prometheus/client/GaugeMetricFamilyTest.java:[29,37] labelNames has private access in io.prometheus.client.GaugeMetricFamily [ERROR] /C:/Users/minhn/llm-test/libraries_sample/io.prometheus/simpleclient/0.16.0/src/test/java/io/prometheus/client/GaugeMetricFamilyTest.java:[30,47] labelNames has private access in io.prometheus.client.GaugeMetricFamily [ERROR] -> [Help 1] [ERROR] [ERROR] To see the full stack trace of the errors, re-run Maven with the -e switch. [ERROR] Re-run Maven using the -X switch to enable full debug logging. [ERROR] [ERROR] For more information about the errors and possible solutions, please read the following articles: [ERROR] [Help 1] http://cwiki.apache.org/confluence/display/MAVEN/MojoFailureException"
io.prometheus:simpleclient:0.16.0,io\prometheus\client\Histogram.java,HistogramTest,compile,cannot_find_symbol,"ogramTest.java:[73,32] sum has private access in io.prometheus.client.Histogram.Child [ERROR] /C:/Users/minhn/llm-test/libraries_sample/io.prometheus/simpleclient/0.16.0/src/test/java/io/prometheus/client/HistogramTest.java:[85,14] cannot find symbol [ERROR] symbol: class MetricFamilySamples [ERROR] location: class io.prometheus.client.HistogramTest [ERROR] /C:/Users/minhn/llm-test/libraries_sample/io.prometheus/simpleclient/0.16.0/src/test/java/io/prometheus/client/HistogramTest.java:[89,9] cannot find symbol [ERROR] symbol: class MetricFamilySamples [ERROR] location: class io.prometheus.client.HistogramTest [ERROR] -> [Help 1] [ERROR] [ERROR] To see the full stack trace of the errors, re-run Maven with the -e switch. [ERROR] Re-run Maven using the -X switch to enable full debug logging. [ERROR] [ERROR] For more information about the errors and possible solutions, please read the following articles: [ERROR] [Help 1] http://cwiki.apache.org/confluence/display/MAVEN/MojoFailureException"
io.prometheus:simpleclient:0.16.0,io\prometheus\client\SampleNameFilter.java,SampleNameFilterTest,compile,cannot_find_symbol,"metheus.client.SampleNameFilter) location: variable filter of type io.prometheus.client.Predicate<java.lang.String> [ERROR] Failed to execute goal org.apache.maven.plugins:maven-compiler-plugin:3.11.0:testCompile (default-testCompile) on project simpleclient: Compilation failure [ERROR] /C:/Users/minhn/llm-test/libraries_sample/io.prometheus/simpleclient/0.16.0/src/test/java/io/prometheus/client/SampleNameFilterTest.java:[61,15] cannot find symbol [ERROR] symbol: method and(io.prometheus.client.SampleNameFilter) [ERROR] location: variable filter of type io.prometheus.client.Predicate<java.lang.String> [ERROR] [ERROR] -> [Help 1] [ERROR] [ERROR] To see the full stack trace of the errors, re-run Maven with the -e switch. [ERROR] Re-run Maven using the -X switch to enable full debug logging. [ERROR] [ERROR] For more information about the errors and possible solutions, please read the following articles: [ERROR] [Help 1] http://cwiki.apache.org/confluence/display/MAVEN/MojoFailureException"
io.prometheus:simpleclient:0.16.0,io\prometheus\client\SimpleCollector.java,SimpleCollectorTest,compile,cannot_find_symbol,"ava/io/prometheus/client/SimpleCollectorTest.java:[60,127] cannot find symbol [ERROR] symbol: method build() [ERROR] /C:/Users/minhn/llm-test/libraries_sample/io.prometheus/simpleclient/0.16.0/src/test/java/io/prometheus/client/SimpleCollectorTest.java:[62,18] cannot find symbol [ERROR] symbol: class Child [ERROR] location: class io.prometheus.client.Collector [ERROR] /C:/Users/minhn/llm-test/libraries_sample/io.prometheus/simpleclient/0.16.0/src/test/java/io/prometheus/client/SimpleCollectorTest.java:[62,46] cannot find symbol [ERROR] symbol: class Child [ERROR] location: class io.prometheus.client.Collector [ERROR] -> [Help 1] [ERROR] [ERROR] To see the full stack trace of the errors, re-run Maven with the -e switch. [ERROR] Re-run Maven using the -X switch to enable full debug logging. [ERROR] [ERROR] For more information about the errors and possible solutions, please read the following articles: [ERROR] [Help 1] http://cwiki.apache.org/confluence/display/MAVEN/MojoFailureException"
io.prometheus:simpleclient:0.16.0,io\prometheus\client\SimpleTimer.java,SimpleTimerTest,compile,cannot_find_symbol,"impleTimerTest.java:[18,9] cannot find symbol [ERROR] symbol: class TimeProvider [ERROR] location: class io.prometheus.client.SimpleTimerTest [ERROR] /C:/Users/minhn/llm-test/libraries_sample/io.prometheus/simpleclient/0.16.0/src/test/java/io/prometheus/client/SimpleTimerTest.java:[18,45] cannot find symbol [ERROR] symbol: class TimeProvider [ERROR] location: class io.prometheus.client.SimpleTimerTest [ERROR] /C:/Users/minhn/llm-test/libraries_sample/io.prometheus/simpleclient/0.16.0/src/test/java/io/prometheus/client/SimpleTimerTest.java:[20,13] method does not override or implement a method from a supertype [ERROR] -> [Help 1] [ERROR] [ERROR] To see the full stack trace of the errors, re-run Maven with the -e switch. [ERROR] Re-run Maven using the -X switch to enable full debug logging. [ERROR] [ERROR] For more information about the errors and possible solutions, please read the following articles: [ERROR] [Help 1] http://cwiki.apache.org/confluence/display/MAVEN/MojoFailureException"
io.prometheus:simpleclient:0.16.0,io\prometheus\client\Striped64.java,Striped64Test,compile,abstract_class_or_interface_instantiation,"n/llm-test/libraries_sample/io.prometheus/simpleclient/0.16.0/src/test/java/io/prometheus/client/Striped64Test.java:[14,31] io.prometheus.client.Striped64 is abstract; cannot be instantiated [ERROR] /C:/Users/minhn/llm-test/libraries_sample/io.prometheus/simpleclient/0.16.0/src/test/java/io/prometheus/client/Striped64Test.java:[21,31] io.prometheus.client.Striped64 is abstract; cannot be instantiated [ERROR] /C:/Users/minhn/llm-test/libraries_sample/io.prometheus/simpleclient/0.16.0/src/test/java/io/prometheus/client/Striped64Test.java:[28,31] io.prometheus.client.Striped64 is abstract; cannot be instantiated [ERROR] -> [Help 1] [ERROR] [ERROR] To see the full stack trace of the errors, re-run Maven with the -e switch. [ERROR] Re-run Maven using the -X switch to enable full debug logging. [ERROR] [ERROR] For more information about the errors and possible solutions, please read the following articles: [ERROR] [Help 1] http://cwiki.apache.org/confluence/display/MAVEN/MojoFailureException"
